RVD.List,Lit.Article,Lit.List,Num.Neither,Num.RVD.Only,Num.LIT.Only,Num.Both,Overlapping.Genes,Fisher.Exact.P,Bonferroni.Adj.P
TIME24 Union,"Chen M, et al. (2011a)",Principal Response H1N1,12114,269,23,28,IRF7|LAMP3|TNFAIP6|LY6E|TNFSF10|RTP4|DHX58|IFIT2|LAP3|RSAD2|HERC6|IFI27|IFI44L|IFIH1|IFIT1|IFIT3|ISG15|MX1|OAS2|SERPING1|TDRD7|ZBP1|PLSCR1|XAF1|MT2A|IFITM3|IFI44|OAS3,1.29778565394539E-32,1.19396280162976E-30
TIME24 Union,"Woods CW, et al. (2013)",H1N1,12114,270,23,27,IRF7|CCL2|LAMP3|TNFAIP6|LY6E|RTP4|DHX58|IFIT2|LAP3|RSAD2|HERC6|IFI27|IFI44L|IFIH1|IFIT1|IFIT3|ISG15|MX1|OAS2|SERPING1|TDRD7|ZBP1|PLSCR1|XAF1|IFITM3|IFI44|OAS3,3.270356228425E-31,3.008727730151E-29
TIME24 Union,"Woods CW, et al. (2013)",H3N2,12114,270,23,27,IRF7|CCL2|CXCL10|LAMP3|TNFAIP6|LY6E|TNFSF10|RTP4|IFIT2|LAP3|RSAD2|HERC6|IFI27|IFI44L|IFIH1|IFIT1|IFIT3|ISG15|MX1|OAS2|SERPING1|ZBP1|PLSCR1|XAF1|IFITM3|IFI44|OAS3,3.270356228425E-31,3.008727730151E-29
TIME24 Union,"McClain MT, et al. (2016)",Current.Signature,12113,271,24,26,IRF7|CXCL10|LAMP3|TNFAIP6|LY6E|TNFSF10|RTP4|IFIT2|LAP3|RSAD2|HERC6|IFI27|IFI44L|IFIH1|IFIT1|IFIT3|ISG15|MX1|OAS2|SERPING1|ZBP1|PLSCR1|XAF1|MT2A|IFI44|OAS3,1.647261791116E-29,1.51548084782672E-27
TIME24 Union,"Chen M, et al. (2011a)",Principal Response H3N2,12111,272,26,25,IRF7|LAMP3|TNFAIP6|LY6E|TNFSF10|RTP4|IFIT2|LAP3|RSAD2|HERC6|IFI27|IFI44L|IFIH1|IFIT1|IFIT3|ISG15|MX1|OAS2|SERPING1|ZBP1|PLSCR1|XAF1|IFITM3|IFI44|OAS3,1.46746613754787E-27,1.35006884654404E-25
TIME24 Union,"Zaas AK, et al. (2009)",Literature,12127,279,10,18,CXCL10|LAMP3|LY6E|DHX58|RSAD2|HERC6|IFI27|IFI44L|IFIT1|IFIT3|ISG15|MX1|OAS2|SERPING1|XAF1|PML|IFI44|OAS3,4.05778564744044E-23,3.7331627956452E-21
TIME24 Union,"Zaas AK, et al. (2013)",N/A,12111,276,26,21,CCL2|LAMP3|NLRP3|TNFAIP6|LY6E|RTP4|NOD2|IFIT2|RSAD2|IFI27|IFI44L|IFIT1|IFIT3|ISG15|MX1|OAS2|SERPING1|ADAR|XAF1|SOCS1|OAS3,3.09295460325784E-22,2.84551823499721E-20
TIME24 Union,"Zaas AK, et al. (2009)",Rhinovirus,12127,280,10,17,CCL2|CXCL10|LAMP3|LY6E|IFIT2|RSAD2|IFI44L|IFIT1|IFIT3|ISG15|MX1|OAS2|SERPING1|XAF1|SOCS1|IFI44|OAS3,1.15671649649477E-21,1.06417917677519E-19
TIME24 Union,"Chen M, et al. (2011b)",Single.Task,12108,276,29,21,IRF7|IFITM1|LY6E|RTP4|LAP3|RSAD2|IFI27|IFI44L|IFIT1|IFIT3|ISG15|MX1|OAS2|SERPING1|TDRD7|PLSCR1|XAF1|MT2A|IFITM3|IFI44|OAS3,1.55556187257262E-21,1.43111692276681E-19
TIME24 Union,"Proud D, et al. (2008)",Table 2,12122,279,15,18,IRF7|CCL2|CCL20|CXCL10|CXCL9|CXCL11|IFIT2|RSAD2|IFIH1|IFIT1|IFIT3|ISG15|MX1|OAS2|PLSCR1|SOCS3|SOCS1|OAS3,2.87980178066214E-21,2.64941763820917E-19
TIME24 Union,"Zaas AK, et al. (2009)",Panviral,12126,280,11,17,LAMP3|TNFAIP6|LY6E|RTP4|IFIT2|RSAD2|IFI27|IFI44L|IFIT1|IFIT3|ISG15|MX1|OAS2|SERPING1|XAF1|IFI44|OAS3,2.88165803107168E-21,2.65112538858595E-19
TIME24 Union,"Chen B, et al. (2010)",Combined,12125,280,12,17,CXCL10|LAMP3|LY6E|IFIT2|LAP3|RSAD2|IFI44L|IFIH1|IFIT1|IFIT3|ISG15|MX1|OAS2|SERPING1|XAF1|IFITM3|OAS3,6.8156815502817E-21,6.27042702625916E-19
TIME24 Union,"Zaas AK, et al. (2009)",Influenza,12128,281,9,16,CCL2|LAMP3|TNFAIP6|LY6E|RTP4|RSAD2|IFI27|IFI44L|IFIT1|IFIT3|ISG15|MX1|SERPING1|XAF1|IFI44|OAS3,1.26483877710967E-20,1.1636516749409E-18
TIME24 Union,"Muller J, et al. (2017)",N/A,12131,284,6,13,CCL2|CXCL10|LAMP3|RSAD2|IFI27|IFI44L|IFIT1|IFIT3|ISG15|SERPING1|USP18|IFI44|OAS3,1.51528218558737E-17,1.39405961074038E-15
TIME24 Union,"Zaas AK, et al. (2009)",RSV,12125,283,12,14,LAMP3|RTP4|IFIT2|LAP3|RSAD2|FCGR1A|IFI44L|IFIT1|IFIT3|ISG15|MX1|SERPING1|IFI44|OAS3,1.08379627103792E-16,9.97092569354886E-15
TIME24 Union,"Zhu W, et al. (2010)",Cluster D,12124,283,13,14,IRF7|LAMP3|LAP3|RSAD2|HERC6|IFI44L|IFIH1|IFIT1|IFIT3|MX1|TDRD7|USP18|IFI44|OAS3,2.20310405545532E-16,2.02685573101889E-14
TIME24 Union,"Chen M, et al. (2011b)",Multi.Task,12104,280,33,17,IRF7|IFITM1|LY6E|RTP4|RSAD2|IFI27|IFI44L|IFIT1|IFIT3|ISG15|MX1|OAS2|PLSCR1|XAF1|IFI44|OAS3|EPB41L3,8.22878219403299E-16,7.57047961851035E-14
TIME24 Union,"Proud D, et al. (2008)",Table 2,12118,283,19,14,IRF7|CCL2|CCL20|CXCL10|CXCL9|CXCL11|IFIT2|IFIT1|MX1|OAS2|PLSCR1|SOCS3|SOCS1|OAS3,7.90551710981262E-15,7.27307574102761E-13
TIME24 Union,"Davenport EE, et al. (2015)",Table S3,11338,237,799,60,LPIN2|SIDT2|TOP1|ADM|RIPK2|IRF7|CCL2|CXCL10|FFAR2|IFITM1|IL1B|LAMP3|PLAUR|TNFAIP6|HIF1A|LDLR|LY6E|IRF1|TNFSF10|TAPBP|OSM|RTP4|CD38|DHX58|IFIT2|LGALS3BP|P2RY14|SECTM1|LAP3|RSAD2|FCGR1A|HERC6|IDO1|IFI44L|IFIH1|IFIT1|IFIT3|ISG15|MX1|OAS2|SERPING1|TDRD7|TRAFD1|USP18|ZBP1|ADAR|PLSCR1|TRIM21|STAT2|XAF1|SOCS3|SOCS1|PML|MT2A|IFITM3|IFI44|HLA-A|OAS3|MAFB|ETS1,2.35271356375582E-14,2.16449647865535E-12
TIME0 Union,"Zhu W, et al. (2010)",Cluster B,12170,247,7,10,ARHGEF12|CA1|EPB42|FECH|KLF1|OSBP2|SNCA|TNS1|TSPAN5|XK,2.04756446016515E-13,1.88375930335194E-11
TIME24 Union,"Zhu W, et al. (2010)",Cluster B,12130,287,7,10,ARHGEF12|FECH|CA1|EPB42|KLF1|OSBP2|SNCA|TNS1|TSPAN5|XK,8.72742452755071E-13,8.02923056534666E-11
TIME24 Union,"Davenport EE, et al. (2015)",Table S3,11245,237,892,60,LPIN2|SIDT2|TOP1|ADM|RIPK2|IRF7|CCL2|CXCL10|FFAR2|IFITM1|IL1B|LAMP3|PLAUR|TNFAIP6|HIF1A|LDLR|LY6E|IRF1|TNFSF10|TAPBP|OSM|RTP4|CD38|DHX58|IFIT2|LGALS3BP|P2RY14|SECTM1|LAP3|RSAD2|FCGR1A|HERC6|IDO1|IFI44L|IFIH1|IFIT1|IFIT3|ISG15|MX1|OAS2|SERPING1|TDRD7|TRAFD1|USP18|ZBP1|ADAR|PLSCR1|TRIM21|STAT2|XAF1|SOCS3|SOCS1|PML|MT2A|IFITM3|IFI44|HLA-A|OAS3|MAFB|ETS1,2.1052518422265E-12,1.93683169484838E-10
TIME24 Union,"Liu T, et al. (2016)",WO.Baseline,12073,286,64,11,H1F0|ADM|LY6E|RSAD2|IFI27|IFI44L|IFIT1|IFIT3|ISG15|MX1|IFI44,0.00000151,0.00013892
TIME24 Union,"Liu T, et al. (2016)",W.Baseline,12125,291,12,6,H1F0|RSAD2|IFI27|IFI44L|ISG15|IFITM3,2.57366705151884E-06,0.0002367774
TIME24 Union,"Zhu W, et al. (2010)",Cluster F,12131,292,6,5,LY6E|ISG15|OAS2|ZBP1|XAF1,3.0872120128998E-06,0.0002840235
TIME24 Union,"Davenport EE, et al. (2015)",Fig S3,12135,293,2,4,CCL2|LAMP3|RTP4|OAS3,4.60834638107203E-06,0.0004239679
TIME24 Union,"Chen M, et al. (2011a)",Secondary Response H1N1,12094,289,43,8,CCL2|CXCL10|LAMP3|DHX58|IFI27|IFIH1|TRAFD1|SOCS1,2.51427373158956E-05,0.0023131318
TIME24 Union,"Zhu W, et al. (2010)",Cluster E,12130,293,7,4,TNFAIP6|TNFSF10|RTP4|IFIT2,9.2204390100624E-05,0.0084828039
TIME24 Union,"Huang Y, et al. (2011)",X2vs4,12131,294,6,3,IL18RAP|RTP4|IFI27,0.0010184058,0.0936933336
TIME0 Union,"Zhu W, et al. (2010)",Cluster E,12169,254,8,3,TNFAIP6|TNFSF10|RTP4,0.0012735026,0.1171622392
TIME24 Union,"Chen M, et al. (2011a)",Gender Factor H3N2,12092,291,45,6,ACP5|HBZ|CLEC5A|AKAP12|TMEM176B|TMEM176A,0.0012881846,0.1185129832
TIME24 Union,"Chen M, et al. (2011a)",Gender Factor H1N1,12092,291,45,6,HBZ|IL18RAP|IFIT1|TMEM158|TMEM176A|PLVAP,0.0012881846,0.1185129832
TIME0 Union,"Chen M, et al. (2011a)",Gender Factor H1N1,12131,252,46,5,ACP5|HBZ|CLEC5A|TMEM176A|TMEM176B,0.0039256472,0.3611595424
TIME0 Union,"Chen M, et al. (2011a)",Secondary Response H1N1,12131,252,46,5,HBZ|IL18RAP|TMEM158|TMEM176A|PLVAP,0.0039256472,0.3611595424
TIME24 Union,"Chen M, et al. (2011a)",Secondary Response H3N2,12091,292,46,5,CCL2|CXCL10|LAMP3|P2RY14|SOCS1,0.0071964439,0.6620728388
TIME24 Union,"Huang Y, et al. (2011)",X3vs4,12132,295,5,2,RTP4|IFI44L,0.0110303993,1
TIME0 Union,"Huang Y, et al. (2011)",X2vs4,12170,255,7,2,IL18RAP|RTP4,0.0139201398,1
TIME0 Union,"Zaas AK, et al. (2013)",N/A,12134,253,43,4,NLRP3|TNFAIP6|RTP4|NOD2,0.015860671,1
TIME0 Union,"Huang Y, et al. (2011)",X2vs3,12160,255,17,2,ACP5|C3AR1,0.0577721486,1
TIME24 Union,"Huang Y, et al. (2011)",X2vs3,12120,295,17,2,ACP5|LPAR1,0.0744751854,1
TIME0 Union,"McClain MT, et al. (2016)",Current.Signature,12130,254,47,3,TNFAIP6|TNFSF10|RTP4,0.0842471053,1
TIME0 Union,"Woods CW, et al. (2013)",H3N2,12130,254,47,3,TNFAIP6|TNFSF10|RTP4,0.0842471053,1
TIME0 Union,"Chen M, et al. (2011b)",Multi.Task,12130,254,47,3,TNFRSF9|RTP4|EPB41L3,0.0842471053,1
TIME0 Union,"Chen M, et al. (2011a)",Principal Response H1N1,12129,254,48,3,TNFAIP6|TNFSF10|RTP4,0.0882093467,1
TIME0 Union,"Zaas AK, et al. (2009)",Influenza,12154,255,23,2,TNFAIP6|RTP4,0.093578723,1
TIME0 Union,"Huang Y, et al. (2011)",X1vs3,12173,256,4,1,KIF1B,0.0991762213,1
TIME0 Union,"Zaas AK, et al. (2009)",Panviral,12151,255,26,2,TNFAIP6|RTP4,0.1133336141,1
TIME24 Union,"Huang Y, et al. (2011)",X1vs4,12133,296,4,1,IFI44L,0.1138772322,1
TIME0 Union,"Davenport EE, et al. (2015)",Fig S3,12172,256,5,1,RTP4,0.1178029581,1
TIME0 Union,"Huang Y, et al. (2011)",X3vs4,12171,256,6,1,RTP4,0.1360460092,1
TIME0 Union,"Proud D, et al. (2008)",Table 2,12146,255,31,2,ICAM1|CXCL9,0.1482753781,1
TIME24 Union,"Kawada J, et al. (2006)",Fig.1..acute.phase.influenza.virus.infection.,12110,295,27,2,IFIT2|IFIT1,0.1518161113,1
TIME0 Union,"Liu T, et al. (2016)",WO.Baseline,12105,254,72,3,H1F0|ADM|MAP7,0.2022696456,1
TIME0 Union,"Woods CW, et al. (2013)",H1N1,12129,255,48,2,TNFAIP6|RTP4,0.2766721888,1
TIME0 Union,"Liu T, et al. (2016)",W.Baseline,12160,256,17,1,H1F0,0.3135370847,1
TIME0 Union,"Zaas AK, et al. (2009)",RSV,12152,256,25,1,RTP4,0.4193350566,1
TIME0 Union,"Proud D, et al. (2008)",Table 2,12145,256,32,1,CXCL9,0.4984875626,1
TIME0 Union,"Chen M, et al. (2011b)",Single.Task,12128,256,49,1,RTP4,0.6487901476,1
TIME24 Union,"Nakaya H, et al. (2011)",Table.S6..Sets.of.2.4.genes.identified.by.DAMIP.model..first.analysis..as.predictors.of.HAI.response..,12005,295,132,2,CD38|SECTM1,0.8338829917,1
TIME0 Union,"Davenport EE, et al. (2015)",Table S3,11332,243,845,14,TOP1|ADM|FFAR2|TNFAIP6|CDKN1A|LYN|TNFSF10|P2RX7|MEFV|OSM|RTP4|IL1B|MAFB|PLAUR,0.8563243301,1
TIME0 Union,"Kawada J, et al. (2006)",Fig.1..acute.phase.influenza.virus.infection.,12148,257,29,0,,1,1
TIME0 Union,"Kawada J, et al. (2006)",Table.1..febrile.convulsion.,12149,257,28,0,,1,1
TIME0 Union,"Zhu W, et al. (2010)",Cluster A,12167,257,10,0,,1,1
TIME0 Union,"Zhu W, et al. (2010)",Cluster C,12124,257,53,0,,1,1
TIME0 Union,"Zhu W, et al. (2010)",Cluster D,12150,257,27,0,,1,1
TIME0 Union,"Zhu W, et al. (2010)",Cluster F,12166,257,11,0,,1,1
TIME0 Union,"Chen B, et al. (2010)",Combined,12148,257,29,0,,1,1
TIME0 Union,"Davenport EE, et al. (2015)",Fig S3,12171,257,6,0,,1,1
TIME0 Union,"Davenport EE, et al. (2015)",Table S3,11318,257,859,0,,1,1
TIME0 Union,"Chen M, et al. (2011a)",Secondary Response H3N2,12126,257,51,0,,1,1
TIME0 Union,"Chen M, et al. (2011a)",Secondary Response H1N1,12126,257,51,0,,1,1
TIME0 Union,"Muller J, et al. (2017)",N/A,12158,257,19,0,,1,1
TIME0 Union,"Huang Y, et al. (2011)",X1vs2,12171,257,6,0,,1,1
TIME0 Union,"Huang Y, et al. (2011)",X1vs4,12172,257,5,0,,1,1
TIME0 Union,"Proud D, et al. (2008)",Table 2,12144,257,33,0,,1,1
TIME0 Union,"Proud D, et al. (2008)",N/A,12157,257,20,0,,1,1
TIME0 Union,"Zaas AK, et al. (2009)",Rhinovirus,12150,257,27,0,,1,1
TIME0 Union,"Zaas AK, et al. (2009)",Literature,12149,257,28,0,,1,1
TIME0 Union,"Nakaya H, et al. (2011)",Table.S6..Sets.of.2.4.genes.identified.by.DAMIP.model..first.analysis..as.predictors.of.HAI.response..,12043,257,134,0,,1,1
TIME0 Union,"Nakaya H, et al. (2011)",Table.S8..Sets.of.genes.identified.by.DAMIP.model..second.analysis..as.predictors.of.HAI.response..,12145,257,32,0,,1,1
TIME0 Union,"Nakaya H, et al. (2011)",Table.S9..Sets.of.genes.identified.by.DAMIP.model..third.analysis..as.predictors.of.HAI.response..,12152,257,25,0,,1,1
TIME24 Union,"Kawada J, et al. (2006)",Table.1..febrile.convulsion.,12109,297,28,0,,1,1
TIME24 Union,"Zhu W, et al. (2010)",Cluster A,12127,297,10,0,,1,1
TIME24 Union,"Zhu W, et al. (2010)",Cluster C,12084,297,53,0,,1,1
TIME24 Union,"Davenport EE, et al. (2015)",Fig S3,12131,297,6,0,,1,1
TIME24 Union,"Davenport EE, et al. (2015)",Table S3,11278,297,859,0,,1,1
TIME24 Union,"Huang Y, et al. (2011)",X1vs2,12131,297,6,0,,1,1
TIME24 Union,"Huang Y, et al. (2011)",X1vs3,12132,297,5,0,,1,1
TIME24 Union,"Proud D, et al. (2008)",Table 2,12104,297,33,0,,1,1
TIME24 Union,"Proud D, et al. (2008)",N/A,12117,297,20,0,,1,1
TIME24 Union,"Nakaya H, et al. (2011)",Table.S8..Sets.of.genes.identified.by.DAMIP.model..second.analysis..as.predictors.of.HAI.response..,12105,297,32,0,,1,1
TIME24 Union,"Nakaya H, et al. (2011)",Table.S9..Sets.of.genes.identified.by.DAMIP.model..third.analysis..as.predictors.of.HAI.response..,12112,297,25,0,,1,1
